id,title,url,score,created_utc,num_comments,body,cleanbody,vader_scores,vader
1lix8gh,I need recommendations for a very specific Switch 2 case,https://www.reddit.com/r/NintendoSwitch2/comments/1lix8gh/i_need_recommendations_for_a_very_specific_switch/,1,1750725085.0,1,"What Iâ€™m looking for is a case that can hold a Switch 2 console, 10+ game carts, a charger, and a Pro Controller. I donâ€™t ever have reason to bring a dock or cables around, so Iâ€™m hoping to see if anyone can find a safe, secure case for my specificationsðŸ‘",im look case hold switch console game cart charger pro controller dont ever reason bring dock cable around im hop see anyone find safe secure case specification,"{'neg': 0.0, 'neu': 0.825, 'pos': 0.175, 'compound': 0.6486}",positive
1lix7ls,What's your kickstand position,https://i.redd.it/htwf0jobsr8f1.jpeg,2,1750725017.0,1,Personally mines hook ,personally mine hook,"{'neg': 0.0, 'neu': 1.0, 'pos': 0.0, 'compound': 0.0}",neutral
1lix33y,Is it worth buying Cyberpunk 2077?,https://www.reddit.com/r/NintendoSwitch2/comments/1lix33y/is_it_worth_buying_cyberpunk_2077/,1,1750724661.0,3,"How fun is it? What's your opinion?

[View Poll](https://www.reddit.com/poll/1lix33y)",fun whats opinion view pollhttpswwwredditcompolllixy,"{'neg': 0.0, 'neu': 0.548, 'pos': 0.452, 'compound': 0.5106}",positive
1liwzvq,Savage Raven Case/Grip,https://www.reddit.com/gallery/1liwzvq,8,1750724400.0,4,"I just got my case in. I took a slow approach with looking for a case. After looking at a few reviews, I settled on the Savage Raven case and neo grip.

It feels amazing. The outside is sturdy and the inside extremely soft. The grip comes with three attachment options. I can confirm that the grip with the smallest attachments can fit in this case, which is the smaller of the Savage Raven cases. For stability though, the trigger grip (far left of picture 4) feels the most secure while playing to me.

If anyone was on the fence, I can confirm that this is all good quality and it should last me this entire handheld generation. Good luck!",get case take slow approach look case look review settle savage raven case neo grip feel amaze outside sturdy inside extremely soft grip come three attachment option confirm grip small attachment fit case small savage raven case stability though trigger grip far leave picture feel secure play anyone fence confirm good quality last entire handheld generation good luck,"{'neg': 0.093, 'neu': 0.596, 'pos': 0.311, 'compound': 0.9413}",positive
1liwzpm,Love to take this thing out with me,https://i.redd.it/twgb4c1gqr8f1.jpeg,37,1750724388.0,8,Waited 3.5 hours at the urgent care because my face swelled up. It made the wait so easy. Loving the switch 2 ,waited hour urgent care face swell make wait easy loving switch,"{'neg': 0.0, 'neu': 0.372, 'pos': 0.628, 'compound': 0.8957}",positive
1liuhgu,Fantasy Life i Switch 2 edition cannot suspend the game,https://www.reddit.com/r/NintendoSwitch2/comments/1liuhgu/fantasy_life_i_switch_2_edition_cannot_suspend/,3,1750717665.0,9,"So I just bought the game, I got the Switch 2 version specifically, and whenever I hit the home button to suspend the game when I go back into it the game becomes completely unresponsive. I have to go back into the home menu, close the software, and reopen. Has anybody else come across this issue? ",bought game get switch version specifically whenever hit home button suspend game go back game become completely unresponsive go back home menu close software reopen anybody else come across issue,"{'neg': 0.073, 'neu': 0.927, 'pos': 0.0, 'compound': -0.3182}",negative
1litnx1,they made it easier to find controllers now,https://v.redd.it/z3emm5mf0r8f1,36,1750715653.0,14,sounds like an alarm clock lol,sound like alarm clock lol,"{'neg': 0.247, 'neu': 0.206, 'pos': 0.546, 'compound': 0.4404}",positive
1litcdt,My custom skin from SkinIt just arrived,https://www.reddit.com/gallery/1litcdt,0,1750714878.0,2,"Created/ordered a custom skin as soon as it popped up on Skin It. I had (and still use) a [custom Switch 1 pro controller skin](https://imgur.com/gallery/shuvi-ngnl-pro-controller-skin-zUsSD) ordered through them; it holds up well even several years later.

The skins aren't all that thick but aren't exactly flimsy either. Certain long, dangly bits like the kickstand were a bit annoying to peel off; a second pair of hands to prevent it from sticking to itself would have been nice, but nothing tore or stretched.

It took several minutes to set up, the hardest bit being the tiny squares covering the player # lights on the joycon grip. Speaking of... the alignment bugs me a bit; I couldn't avoid partially obscuring the lights on one side.

The art is all my own, created in Blender. My OCs and friends, a solo Bomberman render, and a bunch of goombas.

\---

I might go back and try DecalGirl later on. I got my [custom Switch 1 dock / joycon skins](https://imgur.com/gallery/shuvi-ngnl-pro-controller-skin-zUsSD) from them. Their skins were a bit thicker but had less overall coverage.

",createdordered custom skin soon pop skin still use custom switch pro controller skinhttpsimgurcomgalleryshuvi ngnl pro controller skin zussd order hold well even several year later skin arent thick arent exactly flimsy either certain long dangly bit like kickstand bit annoy peel second pair hand prevent stick would nice nothing tore stretch take several minute set hard bit tiny square cover player light joycon grip speak alignment bug bite couldnt avoid partially obscure light one side art create blender ocs friends solo bomberman render bunch goombas might go back try decalgirl later get custom switch dock joycon skinshttpsimgurcomgalleryshuvi ngnl pro controller skin zussd skin bite thick less overall coverage,"{'neg': 0.035, 'neu': 0.794, 'pos': 0.171, 'compound': 0.9272}",positive
1lit8ce,Squawks the Parrot,https://i.redd.it/5743yyb8xq8f1.jpeg,0,1750714601.0,2,"I really would love to see Squawks in DK Bananza. We already have Rambi. Hoping there are also the other animal buddies like Squitter the Spider, Ratty the Rattlesnake and love to see Ellie the elephant.",really would love see squawks dk bananza already rambi hop also animal buddy like squitter spider ratty rattlesnake love see ellie elephant,"{'neg': 0.0, 'neu': 0.624, 'pos': 0.376, 'compound': 0.9092}",positive
1lit40s,On the possibility of a Nintendo Direct for June 26th,https://www.reddit.com/r/NintendoSwitch2/comments/1lit40s/on_the_possibility_of_a_nintendo_direct_for_june/,0,1750714313.0,15,"# Premise

Right now, especially after the Bananza Direct, we're left in the dark regarding Nintendo's future schedule.

Surely, some announcements will be made before September (as games need at least one month of marketing cycle), but nothing hints yet at a general directâ€”until now.

Earlier this year there was a data leak at Arc System Works, the developer of Guilty Gear and the newly announced Marvel Tokon fighting game. In this leak it was revealed that they had planned an exclusive Nintendo Switch 2 title for november this year (code name: Watari).

# Where it all comes together

Today, Arc System Works announced a showcase for June 27th, featuring announced and unannounced games. As of right now, no third party studio has announced any kind of Nintendo switch 2 exclusive game at its own conference, leading to a plausible announcement by Nintendo beforehand.

June 26th, a Thursday, would fall among the typical Nintendo schedule for directs, allowing to show more first and third parties release dates for the upcoming fall season. 

# Potential weaknesses of the theory

* Nintendo could ignore a general direct until Donkey Kong Bananza is released
* Many announcements or release dates could be published on their own, just like what happened with Splatoon Raiders
* There is no guarantee that such a game from Arc System Works couldn't be announced in a September direct (since it would still be pretty far off from the November release schedule

# Sources:

[https://www.gematsu.com/2025/06/arc-system-works-showcase-set-for-june-27-featuring-new-game-announcements](https://www.gematsu.com/2025/06/arc-system-works-showcase-set-for-june-27-featuring-new-game-announcements)

[https://nintendoeverything.com/rumor-arc-system-works-leak-confirms-nintendo-switch-2-cartridge-theory/](https://nintendoeverything.com/rumor-arc-system-works-leak-confirms-nintendo-switch-2-cartridge-theory/)",premise right especially bananza direct leave dark regard nintendos future schedule surely announcement make september game need least one month marketing cycle nothing hint yet general directuntil earlier year data leak arc system work developer guilty gear newly announce marvel tokon fight game leak reveal plan exclusive nintendo switch title november year code name watari come together today arc system work announce showcase june th featuring announce unannounced game right third party studio announce kind nintendo switch exclusive game conference lead plausible announcement nintendo beforehand june th thursday would fall among typical nintendo schedule direct allow show first third party release date upcoming fall season potential weakness theory nintendo could ignore general direct donkey kong bananza release many announcement release date could publish like happen splatoon raider guarantee game arc system work couldnt announced september direct since would still pretty far november release schedule source httpswwwgematsucomarc system work showcase set june feature new game announcementshttpswwwgematsucomarc system work showcase set june feature new game announcement httpsnintendoeverythingcomrumor arc system work leak confirms nintendo switch cartridge theoryhttpsnintendoeverythingcomrumor arc system work leak confirms nintendo switch cartridge theory,"{'neg': 0.103, 'neu': 0.769, 'pos': 0.128, 'compound': 0.6527}",positive
1lismop,Very close to figuring out the dock not displaying on tv issue a lot of people have...,https://www.reddit.com/r/NintendoSwitch2/comments/1lismop/very_close_to_figuring_out_the_dock_not/,6,1750713152.0,7,"So the dock was working fine for a few days no issues...and all of a sudden it stopped. I believe it may have been because I changed the video output settings to 4k but then back to automatic.  So after it stopped working, I looked it up and lo and behold a lot of people have this problem too.  I've tried everything but nothing works.  HOWEVER, it docks perfectly fine on my older 1080p tv.  So on the older tv, I changed the video output to 1080p on the switch 2 and then plugged it back to my 4k samsung, and it displays!  However, sound does not work and the hdr is all messed up and it's in 1080p.  When I switch the output back to 4k or automatic, it stops working again.  Seems like I'm really close to figuring something out but I can't quite find the solution. ",dock work fine day issuesand sudden stop believe may change video output setting k back automatic stop work look lo behold lot people problem ive try everything nothing work however dock perfectly fine old p tv old tv change video output p switch plug back k samsung display however sound work hdr mess p switch output back k automatic stop work seem like im really close figure something cant quite find solution,"{'neg': 0.174, 'neu': 0.698, 'pos': 0.128, 'compound': -0.3955}",negative
1lis141,Breaking News: Holding in the stick on a turned off Joy-Con will make it vibrate,https://www.reddit.com/r/NintendoSwitch2/comments/1lis141/breaking_news_holding_in_the_stick_on_a_turned/,29,1750711771.0,6,"There will be two very subtle vibrations when you do this.

The same happens after a Joy-Con stops searching for a console.

You're welcome.",two subtle vibration happen joy con stop search console youre welcome,"{'neg': 0.129, 'neu': 0.471, 'pos': 0.4, 'compound': 0.6808}",positive
1lirh87,Can I use my phone as a camera for switch 2?,https://www.reddit.com/r/NintendoSwitch2/comments/1lirh87/can_i_use_my_phone_as_a_camera_for_switch_2/,0,1750710495.0,6,I am looking for a way to make my android phone be detected as a camera by the switch 2 so I can use it instead of buying the official one. If you have any ideas at all do not hesitate to tell me.,look way make android phone detect camera switch use instead buy official one ideas hesitate tell,"{'neg': 0.123, 'neu': 0.877, 'pos': 0.0, 'compound': -0.2732}",negative
1lirbrr,PSA: dbrand docking issue. Could this thing be anymore poorly designed?,https://v.redd.it/l156qdo0cq8f1,146,1750710149.0,60,,,"{'neg': 0.0, 'neu': 0.0, 'pos': 0.0, 'compound': 0.0}",neutral
1liqv7y,Can anyone explain how this happened?,https://v.redd.it/fyzr6p6vgq8f1,0,1750709081.0,9,I genuinely do not understand.,genuinely understand,"{'neg': 0.0, 'neu': 1.0, 'pos': 0.0, 'compound': 0.0}",neutral
1liq6ax,Switch 2 Dock not working?,https://www.reddit.com/r/NintendoSwitch2/comments/1liq6ax/switch_2_dock_not_working/,0,1750707461.0,15,"When I play BOTW on docked mode itâ€™s pretty much silent I donâ€™t hear a single thing from the fans but as I take out the cartridge as soon as I am done it feels quite hot to touch. Obviously not dangerous but surprisingly hot or warm. Are the docks fans not working? I play Mario Kart World and donâ€™t notice it either. I havenâ€™t tried in handheld but in docked itâ€™s silent. Anyone else have the same thing? 

On the Switch 1, I would hear the fans so Iâ€™m just confused.",play botw dock mode pretty much silent dont hear single thing fan take cartridge soon do feels quite hot touch obviously dangerous surprisingly hot warm dock fan work play mario kart world dont notice either havent try handheld docked silent anyone else thing switch would hear fan im confuse,"{'neg': 0.079, 'neu': 0.619, 'pos': 0.302, 'compound': 0.9001}",positive
1liq20o,PSA: Switch 2 Kiosks are appearing in the United States,https://i.redd.it/2c6pt9fbbq8f1.jpeg,221,1750707190.0,24,I just saw this at a local Walmart. It contained demos for Mario Kart World and Donkey Kong Bananza. Not sure if these kiosks are being installed in others stores.,saw local walmart contain demos mario kart world donkey kong bananza sure kiosk instal others store,"{'neg': 0.0, 'neu': 0.867, 'pos': 0.133, 'compound': 0.3182}",positive
1lipkas,MicroSD Express 512GB available from SanDisk,https://shop.sandisk.com/products/memory-cards/microsd-cards/sandisk-microsd-express-memory-card?sku=SDSQXFN-512G-GN4NN,102,1750706058.0,57,,,"{'neg': 0.0, 'neu': 0.0, 'pos': 0.0, 'compound': 0.0}",neutral
1lip1rr,Mario Kart World Cameraplay soft locks  the game,https://v.redd.it/kwrqcu3h4q8f1,0,1750704891.0,10,"My webcam works on every other application that uses it except for Mario kart world local multiplayer. I specify local multiplayer because it works just fine online in game chat. Upon trying to use it in local multiplayer, it just gives the game a black screen of death. Does anyone have even the faintest clue as to why this happens?",webcam work every application use except mario kart world local multiplayer specify local multiplayer work fine online game chat upon try use local multiplayer give game black screen death anyone even faint clue happens,"{'neg': 0.103, 'neu': 0.849, 'pos': 0.048, 'compound': -0.4767}",negative
1lioz32,How much will a used Switch 2 be worth in about a year or 2 ?,https://www.reddit.com/r/NintendoSwitch2/comments/1lioz32/how_much_will_a_used_switch_2_be_worth_in_about_a/,0,1750704722.0,15,"Assuming its still in good condition and you sell it with all the included accessories, how much would it sell for?

I want to get a switch 2 but once I play all the exclusives i want to, I'm probably gonna sell it to get a pc handheld or something, but im wondering how much id get for it ",assume still good condition sell include accessory much would sell want get switch play exclusive want im probably gon na sell get pc handheld something im wonder much id get,"{'neg': 0.0, 'neu': 0.727, 'pos': 0.273, 'compound': 0.7506}",positive
1liov86,Legitimate legal case?,https://www.reddit.com/r/NintendoSwitch2/comments/1liov86/legitimate_legal_case/,0,1750704475.0,5,"https://www.reddit.com/user/Don_Bivens_PLLC/comments/1lf5o0j/have_you_made_a_purchase_on_nintendos_website_if/?utm_source=share&utm_medium=ios_app&utm_name=ioscss&utm_content=1&p=1&utm_term=1

",httpswwwredditcomuserdonbivenspllccommentslfojhaveyoumadeapurchaseonnintendoswebsiteifutmsourceshareutmmediumiosapputmnameioscssutmcontentputmterm,"{'neg': 0.0, 'neu': 1.0, 'pos': 0.0, 'compound': 0.0}",neutral
1lioetu,Wanted to recommend this wireless controller dongle to anyone who already owns a ps5 or Xbox controller,https://i.redd.it/nrlxu0050q8f1.jpeg,78,1750703431.0,53,"This isnâ€™t revolutionary, but I thought this dongle was super cute when I was on the market for one. Iâ€™m someone who wants a switch 2 controller but thought â€œI already own a $200 pro controller for ps5. Can I really not just use this?â€ 

So anyway, I wanted to break down how to use this product- 

- UPDATE dongle for switch 2 compatibility. It will not be functional on S2 out of box. I googled â€œ8bitdo switch 2 updateâ€ and quickly followed step by step download for the updater, plug in dongle to pc, click and update

- ENABLE â€œNintendo Switch Pro Controller Wired Communicationâ€ in settings- mine was off by default and I thought I had a non functioning product (settings > controllers and accessories > toggle this on (towards the bottom of that section) 

And then pair as normal. For ps5 hold ps button and left menu key for 3 seconds to enter pairing mode and push the button on the dongle to also put the dongle in pairing mode. (Side note- put your ps5 off- not rest mode- and unplug to avoid annoying pairing issues initially. The controller will now wake the switch until repaired to ps5) 

Bam that was it! Functions perfectly using my dualsense edge on switch. Itâ€™s great for cyberpunk. The only cons are that you need to be someone who is fluent with â€œtranslatingâ€ button prompts. Aka the Sony controller is obviously labeled differently. Same with Xbox. Same positionings but you get what Iâ€™m saying. If knowing that â€œXâ€ on Nintendo is â€œtriangleâ€ on ps5 is an easy thing for you itâ€™s NBD. If youâ€™re someone who relies on looking down at the controller ever for what button is what, youâ€™re not going to like this and may want a Nintendo product. 

Iâ€™m very happy to not have to have another controller as I have a ton of quality gaming stuff already and for $20 I thought this was a really cool product! 

8bitdo wireless usb adaptor for switch/switch 2. Also comes in black! I found mine on amazon but Iâ€™m sure they have a site shop. ",isnt revolutionary think dongle super cute market one im someone want switch controller thought already pro controller p really use anyway wanted break use product update dongle switch compatibility functional box google bitdo switch update quickly follow step step download updater plug dongle pc click update enable nintendo switch pro controller wire communication setting mine default think non function product setting controller accessory toggle towards bottom section pair normal p hold ps button leave menu key second enter pair mode push button dongle also put dongle pair mode side note put ps rest mode unplug avoid annoy pair issue initially controller wake switch repair ps bam function perfectly use dualsense edge switch great cyberpunk con need someone fluent translate button prompt aka sony controller obviously label differently xbox positioning get im say know x nintendo triangle p easy thing nbd youre someone rely look controller ever button youre go like may want nintendo product im happy another controller ton quality game stuff already think really cool product bitdo wireless usb adaptor switchswitch also come black found mine amazon im sure site shop,"{'neg': 0.031, 'neu': 0.794, 'pos': 0.175, 'compound': 0.9808}",positive
1lio74w,dbrand should have played Welcome Tour before designing their defective case lol,https://v.redd.it/d8gi2y18ip8f1,915,1750702942.0,170,,,"{'neg': 0.0, 'neu': 0.0, 'pos': 0.0, 'compound': 0.0}",neutral
1lio4vp,"So i have to give a presentation to my parents on why i deserve a Switch 2, and iâ€™m wondering what this sub thinks about it",https://v.redd.it/h32kweo6yp8f1,3198,1750702798.0,647,,,"{'neg': 0.0, 'neu': 0.0, 'pos': 0.0, 'compound': 0.0}",neutral
1linx45,What Other Games Deserve Switch 2 Editions? w/ The Flamingo House,https://youtu.be/ANCGOOOTr_8?si=fTdhOsObf3uimehs,0,1750702301.0,9,,,"{'neg': 0.0, 'neu': 0.0, 'pos': 0.0, 'compound': 0.0}",neutral
1lin33d,My Switch 2 has very slow installation times for every game,https://v.redd.it/0januqd9rp8f1,203,1750700447.0,79,"Hello everyone, I would like to know if you have the same issue as me despite my internet connection being good: My Switch 2 takes forever to install a game to my hardrive, I do not use an SD card.

I know it is not my internet because I have good internet speeds as you can see in the video (wifi can go up to 800mb/s outside of the Switch 2) and I have no problem using any other app. The slowdown happens on the second half of the download, which I guess is the installation and it takes thirty minutes to install small games less than a Gb as well as bigger games.

Anyone know what could be wrong?",hello everyone would like know issue despite internet connection good switch take forever install game hardrive use sd card know internet good internet speed see video wifi go mbs outside switch problem use app slowdown happen second half download guess installation take thirty minute install small game less gb well big game anyone know could wrong,"{'neg': 0.163, 'neu': 0.77, 'pos': 0.067, 'compound': -0.7423}",negative
1limtn3,Joycon 2 joystick rub thumb pad raw?,https://www.reddit.com/r/NintendoSwitch2/comments/1limtn3/joycon_2_joystick_rub_thumb_pad_raw/,1,1750699850.0,8,So the pad of my left thumb has been getting rubbed kind of raw by the joycon 2 when I play for an hour or longer. My hands are naturally pretty soft but I'm also a rock climber so they've definitely toughened up a bit. Anyone else experiencing this?,pad leave thumb get rub kind raw joycon play hour long hand naturally pretty soft im also rock climber theyve definitely toughen bit anyone else experience,"{'neg': 0.033, 'neu': 0.525, 'pos': 0.442, 'compound': 0.93}",positive
1limi7h,Switch 2 Upgrade clarification,https://www.reddit.com/r/NintendoSwitch2/comments/1limi7h/switch_2_upgrade_clarification/,44,1750699133.0,24,"
since there seems to be confusion over how pricing on playing older games on the Switch 2 works, and what The Switch 2 editions of games are versus free updates, I wanted to inject some clarification

There are 4 different kinds of ways that digital and physical games are played through the Switch 2.

1. You can play all Switch 1 games that you own, for free through backwards compatibility for games that donâ€™t have compatibility issues. The list of incompatible games have become even fewer since the consoleâ€™s launch due to compatibility updates with software and system updates.

2. Nintendo has released free updates for Switch 1 games that provide enhanced backwards compatibility features, like gameshare, increased resolution on handheld screen and tv, increased framerate. These are still switch 1 games playing in backwards compatibility mode.

3. Switch 2 editions are 10 dollar, native Switch 2 ports of Switch 1 games that take full advantage of the Switch 2 hardware and features that make sense for the game.

4. Switch 2 editions that are 20 dollars are ones that have brand new dlc expansions along with the native port of the Switch 1 game.

Edit: some of the comments have made excellent points, including the fact that:

A. Third party pricing for Switch 2 editions can have different pricing, but so far have not been more than 10 dollars, and in some cases have been less or free. 

Edit: it was also pointed out that despite the fact that some 3rd party games have a Switch 2 version upgrade path, some donâ€™t and require purchasing the full version of the Switch 2 game.

B. if you have Nintendo Switch Online +expansion pass, then the Zelda Breath of the Wild and Tears of the Kingdom Switch 2 edition upgrades are free as long as you maintain your membership.


C. Some games that have dynamic resolutions and frame-rates will benefit more being played on the Switch 2, even without updates.",since seem confusion pricing play old game switch work switch edition game versus free update want inject clarification different kind way digital physical game play switch play switch game free backwards compatibility game dont compatibility issue list incompatible game become even few since console launch due compatibility update software system update nintendo release free update switch game provide enhance backwards compatibility feature like gameshare increase resolution handheld screen tv increase framerate still switch game play backwards compatibility mode switch edition dollar native switch port switch game take full advantage switch hardware feature make sense game switch edition dollar one brand new dlc expansion along native port switch game edit comment make excellent point include fact third party pricing switch edition different pricing far dollar case less free edit also point despite fact rd party game switch version upgrade path dont require purchase full version switch game b nintendo switch online expansion pas zelda breath wild tear kingdom switch edition upgrade free long maintain membership c game dynamic resolution frame rate benefit played switch even without update,"{'neg': 0.01, 'neu': 0.72, 'pos': 0.27, 'compound': 0.9939}",positive
1lilxjy,Already got a small scratch on my Switch 2 screen.. do you think Nintendo will offer replacement screens?,https://www.reddit.com/r/NintendoSwitch2/comments/1lilxjy/already_got_a_small_scratch_on_my_switch_2_screen/,0,1750697856.0,41,"I got screen protectors but they created marks and bubbles and were generally too bad to keep on. Iâ€™m wondering, considering the screen has a built-in screen protector, will Nintendo start to replace them if you get some deep scratches simply from using the dock??",get screen protector create mark bubble generally bad keep im wonder consider screen build screen protector nintendo start replace get deep scratch simply use dock,"{'neg': 0.122, 'neu': 0.804, 'pos': 0.073, 'compound': -0.34}",negative
1likzp4,confirmed clocks speed ?,https://www.reddit.com/r/NintendoSwitch2/comments/1likzp4/confirmed_clocks_speed/,0,1750695698.0,8,"Now that the Switch 2 is among us, has anyone been able to confirm the real GPU and CPU clocks? I say this because when I play Cyberpunk 2077 I see the Switch 2 cooler working quite a bit, which perhaps leads me to believe that the clock is higher than what was leaked.

![video]()

",switch among u anyone able confirm real gpu cpu clock play cyberpunk see switch cooler work quite bit perhaps lead believe clock high leak video,"{'neg': 0.09, 'neu': 0.821, 'pos': 0.09, 'compound': 0.0}",neutral
1likyui,Colors,https://www.reddit.com/r/NintendoSwitch2/comments/1likyui/colors/,0,1750695645.0,5,"When do yall think weâ€™ll get new color schemes for the console, the black is a bit boring to me since everybody has it. Colors and menu themes go hand in hand with making everybodyâ€™s console personalized, if i could get a brown switch 2 for example with DK bananza theme it would be cool. Of course we havenâ€™t gotten colors yet, and themes are nowhere to be found. But yall tell me what you guys would want for a new color scheme or even special edition.",yall think well get new color scheme console black bit boring since everybody color menu theme go hand hand make everybodys console personalize could get brown switch example dk bananza theme would cool course havent gotten color yet theme nowhere find yall tell guy would want new color scheme even special edition,"{'neg': 0.037, 'neu': 0.725, 'pos': 0.238, 'compound': 0.8885}",positive
1likxtl,Best Buy switch 2 bundle available online,https://www.reddit.com/r/NintendoSwitch2/comments/1likxtl/best_buy_switch_2_bundle_available_online/,13,1750695580.0,6,"Just got mine ordered, coming Friday. Finally! Thanks to the hot stock app for alerting me.",get mine order come friday finally thanks hot stock app alert,"{'neg': 0.0, 'neu': 0.638, 'pos': 0.362, 'compound': 0.6249}",positive
1likbpi,Does anybody know if the mouse feature on the Joycon 2â€™s work on a computer?,https://i.redd.it/vjtbpolq8p8f1.jpeg,0,1750694216.0,12,,,"{'neg': 0.0, 'neu': 0.0, 'pos': 0.0, 'compound': 0.0}",neutral
1lik4hb,Possibly dying GPU. Pixels flicker when I play after a few minutes handheld,https://v.redd.it/pm8kk7ey6p8f1,2,1750693765.0,18,,,"{'neg': 0.0, 'neu': 0.0, 'pos': 0.0, 'compound': 0.0}",neutral
1liju9v,Looking for a headset with built in sidetone that I can use on the Switch 2,https://www.reddit.com/r/NintendoSwitch2/comments/1liju9v/looking_for_a_headset_with_built_in_sidetone_that/,3,1750693111.0,4,"Hello everyone, I'm in the market for a headset that can fit multiple
criteria; it needs to have built in mic monitoring (or sidetone as I
hear people call it) but it needs to also needs to be confirmed to
work on the Switch 2. I play a lot of Splatoon 3 and it would be
really nice to have a headset that I can use on my Switch 2 that
allows me to hear my voice over all of the chaotic sounds of the game,
I also find that this helps me communicate and speak more clearly. Iâ€™m looking to mainly use it docked so itâ€™s okay if it uses something like a dongle to plug into the system.

Last but not least, it needs to be compatible on PC as well which
should go without saying but bonus points if the headset has an option
to plug into USB if I didn't want to use it wirelessly. My budget is
anything under $200..I would really like to keep it closer to $150. I
would greatly appreciate any feedback but please only if you know that
all of these boxes are checked for what I am looking for. Thank you so
much for any recommendations you can provide!!",hello everyone im market headset fit multiple criterion need build mic monitoring sidetone hear people call need also need confirmed work switch play lot splatoon would really nice headset use switch allow hear voice chaotic sound game also find helps communicate speak clearly im look mainly use dock okay us something like dongle plug system last least need compatible pc well go without say bonus point headset option plug usb didnt want use wirelessly budget anything would really like keep closer would greatly appreciate feedback please know box check look thank much recommendation provide,"{'neg': 0.062, 'neu': 0.664, 'pos': 0.274, 'compound': 0.9682}",positive
1lijnby,What are the most online active fighting games on switch 1 and 2?,https://www.reddit.com/r/NintendoSwitch2/comments/1lijnby/what_are_the_most_online_active_fighting_games_on/,3,1750692660.0,5,"I think of buying capcom collections but are there any players online? I've had Capcom fighting collection and Street Fighter 30th anniversary on xbox, but they were dead. So suggest any fighting games that have some alive player base pls (except smash, I know it's the most popular one on switch)",think buy capcom collection player online ive capcom fight collection street fighter th anniversary xbox dead suggest fight game alive player base pls except smash know popular one switch,"{'neg': 0.239, 'neu': 0.553, 'pos': 0.209, 'compound': -0.4939}",negative
1lijg9y,Future Mario Kart New Courses/Characters?,https://www.reddit.com/r/NintendoSwitch2/comments/1lijg9y/future_mario_kart_new_coursescharacters/,2,1750692212.0,8,"As time goes on, will there be ways to download new courses/characters? For example, something like the rainbow road grand prix? ",time go way download new coursescharacters example something like rainbow road grand prix,"{'neg': 0.0, 'neu': 0.667, 'pos': 0.333, 'compound': 0.6705}",positive
1lii782,Nintendo Switch 2 Dock Costs $119?,https://www.reddit.com/r/NintendoSwitch2/comments/1lii782/nintendo_switch_2_dock_costs_119/,0,1750689293.0,30,"At that price, shouldn't they release a Switch that doesn't come with the dock? I guess they're probably saving that for the Switch 2 lite but man they could have made this guy cheaper by not including the dock",price shouldnt release switch doesnt come dock guess theyre probably save switch lite man could make guy cheap include dock,"{'neg': 0.0, 'neu': 0.856, 'pos': 0.144, 'compound': 0.4939}",positive
1lihpb7,NSO gamecube controller -> NSO N64 emulator,https://www.reddit.com/r/NintendoSwitch2/comments/1lihpb7/nso_gamecube_controller_nso_n64_emulator/,0,1750688096.0,6,"Does anybody know if it's possible to bind the minus button on the left joycon to the NSO gamecube controller for compatibility w/ the N64 emulator?

I'm trying to play majoras mask w/ the gamecube controller but need to switch to the joycons every time I need to pull up the master pause-menu (create or load a save-state)... very annoying.",anybody know possible bind minus button leave joycon nso gamecube controller compatibility w n emulator im try play majoras mask w gamecube controller need switch joycons every time need pull master pause menu create load save state annoying,"{'neg': 0.094, 'neu': 0.721, 'pos': 0.185, 'compound': 0.5859}",positive
1lihklo,What are the chances we get a new 3D Mario this year and will there be a Mario Direct for the 40th anniversary like in the 35th?,https://www.reddit.com/r/NintendoSwitch2/comments/1lihklo/what_are_the_chances_we_get_a_new_3d_mario_this/,40,1750687779.0,100,"Hey everyone,
2025 marks the 40th anniversary of Super Mario, and Iâ€™m wondering two things:
1.	How likely is it that weâ€™ll get a brand-new 3D Mario this year?
2.	And will Nintendo do a Mario-focused Direct again, like they did for the 35th anniversary?

Weâ€™re already getting a new Donkey Kong game this year, which is exciting â€” but Iâ€™m still really hoping weâ€™ll also get a full new 3D Mario title. The last big one was Super Mario Odyssey back in 2017, and with the Switch 2 now out, the timing feels perfect.

Do you think Nintendoâ€™s saving something for a special Mario Direct? Or is Donkey Kong their big platformer focus this year?

Would love to hear what others are thinking!
",hey everyone mark th anniversary super mario im wonder two thing likely well get brand new mario year nintendo mario focus direct like th anniversary already get new donkey kong game year excite im still really hop well also get full new mario title last big one super mario odyssey back switch timing feel perfect think nintendos save something special mario direct donkey kong big platformer focus year would love hear others think,"{'neg': 0.0, 'neu': 0.667, 'pos': 0.333, 'compound': 0.984}",positive
1lihiem,"Option to install cart, or buy key card version of games?",https://www.reddit.com/r/NintendoSwitch2/comments/1lihiem/option_to_install_cart_or_buy_key_card_version_of/,0,1750687629.0,13,"Is there an option to install a cart to the internal storage, or buy a key card version of a game? I like the idea of having physical games, but may only just buy the key card versions of games due to allowing me to install the game to the internal storage for faster loading times. Why canâ€™t all games just be on key cards as an option?",option install cart internal storage buy key card version game like idea physical game may buy key card version game due allow install game internal storage faster load time cant game key card option,"{'neg': 0.0, 'neu': 0.879, 'pos': 0.121, 'compound': 0.5267}",positive
1lih6j9,[US] Best Buy Online Restock Monday June 23,https://i.redd.it/2dv4ienrmo8f1.jpeg,135,1750686827.0,106,"Restock today, generally anytime between 10am-2pm Eastern. Last Online drop was at Noon Eastern. This will likely for buy online to pick up in store. ",restock today generally anytime pm eastern last online drop noon eastern likely buy online pick store,"{'neg': 0.123, 'neu': 0.877, 'pos': 0.0, 'compound': -0.2732}",negative
1lih63p,Are people buying micros card express readers or waiting for cheaper options,https://www.reddit.com/r/NintendoSwitch2/comments/1lih63p/are_people_buying_micros_card_express_readers_or/,0,1750686794.0,45,"Are people buying microsd card express readers or waiting for cheaper options?

Seems a touch expensive just to copy and transfer saves",people buy microsd card express reader wait cheaper option seem touch expensive copy transfer save,"{'neg': 0.0, 'neu': 0.814, 'pos': 0.186, 'compound': 0.4939}",positive
1lih2ll,Review: after hours of research I settled for these accessories.,https://www.reddit.com/gallery/1lih2ll,52,1750686544.0,24,"# RDS Industries - Game Traveler Deluxe Complete System Case 

This I would give a 9/10. It's very sturdy, and protective, and the dimensions work well. You can fit a switch with controllers attached, extra controller pair, a pro controller, game cartridges and the dock + charging cables. I got this for international travel when I want to take my entire switch with me. 

# PowerA Slim Case 

This I finally settled on after raving reviews. I was originally going to get the TomToc case, and I did buy it but returned it. It seems the fit was too tight and may have damaged the buttons. It wasn't right for me, but I know it does work for some people. The price was high too, after taxes the TomToc case comes to $40 but the PowerA case seems both a better fit and only $23 after taxes. 

# INIU Power Bank, 20000mAh 65W

This I bought for playing on the go or if I am traveling and don't have access to an outlet. Again, it works very well with the Switch 2. You have to make sure you're also using high speed USB C cables. I can charge the Switch while using it, and have no complaints. I've gotten around 2-3 full charges on it. It also charges very fast.

  
I would recommend these 3 items to anyone in search of the same. ",rds industry game traveler deluxe complete system case would give sturdy protective dimension work well fit switch controller attach extra controller pair pro controller game cartridges dock charge cable get international travel want take entire switch powera slim case finally settle rave review originally go get tomtoc case buy return seem fit tight may damage button wasnt right know work people price high tax tomtoc case come powera case seem good fit tax iniu power bank mah w buy play go travel dont access outlet work well switch make sure youre also use high speed usb c cable charge switch use complaint ive get around full charge also charge fast would recommend item anyone search,"{'neg': 0.042, 'neu': 0.78, 'pos': 0.178, 'compound': 0.9287}",positive
1liggx4,Switch 2 pro controller question,https://www.reddit.com/r/NintendoSwitch2/comments/1liggx4/switch_2_pro_controller_question/,0,1750684977.0,9,Hello Switch 2 owners. Whilst I don't plan to buy Switch 2 now. I am interested in buying Switch 2 Pro controller because it has headphone jack and back buttons and I have a question. Can it be used with Switch 1 alongside its new features?,hello switch owner whilst dont plan buy switch interested buying switch pro controller headphone jack back button question use switch alongside new feature,"{'neg': 0.0, 'neu': 0.891, 'pos': 0.109, 'compound': 0.4019}",positive
1liftxo,Switch 2 made a 4 hour flight fly by,https://i.redd.it/cegjzim6co8f1.jpeg,2280,1750683268.0,209,"Finished my first run through of Odyssey. Now time for the bonus material. 

Battery went from 90% to 15% over about 3.5 hours so put it on the battery pack to finish up. ",finish first run odyssey time bonus material battery go hour put battery pack finish,"{'neg': 0.0, 'neu': 0.788, 'pos': 0.212, 'compound': 0.5423}",positive
1lif93r,GaneCube Emulation on Switch 2 isn't Great,https://youtu.be/A3ylCAr0dbs?si=4NYWfz3jpE-o5FX4,0,1750681578.0,98,"TLDW: Immense input lag, just like how when N64 first hit the service. Why can't Nintendo figure this out? It's a monthly service people actively pay for.",tldw immense input lag like n first hit service cant nintendo figure monthly service people actively pay,"{'neg': 0.184, 'neu': 0.583, 'pos': 0.233, 'compound': 0.25}",positive
1lidrdx,This felt good,https://v.redd.it/sznmiqzwsn8f1,663,1750676795.0,53,,,"{'neg': 0.0, 'neu': 0.0, 'pos': 0.0, 'compound': 0.0}",neutral
1liadu3,Game Chat,https://www.reddit.com/r/NintendoSwitch2/comments/1liadu3/game_chat/,26,1750663729.0,7,IS SO GOOD. i was kind of surprised. tested with my friend and the connection is clear. we were able to catch up and game and honestly it was the best intuitive. this and the net code finally being so much better really make me excited your online play this gen.,good kind surprise test friend connection clear able catch game honestly best intuitive net code finally much well really make excited online play gen,"{'neg': 0.0, 'neu': 0.329, 'pos': 0.671, 'compound': 0.979}",positive
1li8j2e,Nintendo Switch 2 Joycon Straps,https://i.redd.it/y1fwxaom4m8f1.jpeg,0,1750656514.0,26,"I sincerely hope we see some quality Joycon strap accessories for Switch 2. I want the round strap accessories that make the L/R buttons bigger and Joycon as a whole more comfortable to hold. The Joycon feel a tad thin without these. I have yet to see any Switch 2 straps - anyone? Iâ€™m a bit bummed Nintendo didnâ€™t include these with the new system - but yeah it makes sense because the mouse features, obviously.",sincerely hope see quality joycon strap accessory switch want round strap accessory make lr button big joycon whole comfortable hold joycon feel tad thin without yet see switch strap anyone im bit bum nintendo didnt include new system yeah make sense mouse feature obviously,"{'neg': 0.0, 'neu': 0.753, 'pos': 0.247, 'compound': 0.8957}",positive
1li89r7,Is there any downside to getting the Switch 1 version of TOTK and upgrading as opposed to getting the Switch 2 version?,https://www.reddit.com/r/NintendoSwitch2/comments/1li89r7/is_there_any_downside_to_getting_the_switch_1/,2,1750655558.0,41,"I have NSO+ xpack as well which I believe means I can access the upgrade packs for no extra cost. Switch 1 copies of TOTK seem to be readily available on FB marketplace for half of the retail cost of the Switch 2 version or less. This seems like the obvious choice, but before I go ahead, I just want to be clear as to whether thereâ€™s any incentive at all to pay the extra cash for the switch 2 version? Thanks ",nso xpack well believe mean access upgrade pack extra cost switch copy totk seem readily available fb marketplace half retail cost switch version less seem like obvious choice go ahead want clear whether there incentive pay extra cash switch version thanks,"{'neg': 0.029, 'neu': 0.694, 'pos': 0.278, 'compound': 0.8813}",positive
1li71j7,"New to Switch, help me pick multiplayer games!",https://www.reddit.com/r/NintendoSwitch2/comments/1li71j7/new_to_switch_help_me_pick_multiplayer_games/,4,1750651250.0,21,"As the title says, I just picked up the Switch 2 because I travel often but I want to be able to play games with my nieces and nephews how have Switch 1.  What are the best games to pick up that I can play online multiplayer that are compatible with both devices and are suitable for younger kids.  I need to be able to play if I see them in person locally or online.  They are 9-13 years old.

I already picked up Mario Kart 8, but what are some other good ones?

Also I tend to avoid longer more drawn out games.  Ones that can just be playing for less than an hour at a time is ideal.

Bonus points if you can help me understand if it's best for me to add their switches to my family + expansion online accounts (I don't think they have online now).",title pick switch travel often want able play game niece nephews switch best game pick play online multiplayer compatible device suitable young kid need able play see person locally online year old already pick mario kart good one also tend avoid longer draw game one play less hour time ideal bonus point help understand best add switch family expansion online account dont think online,"{'neg': 0.026, 'neu': 0.607, 'pos': 0.368, 'compound': 0.9805}",positive
1li52l8,Nintendo Switch 2 Lite,https://www.reddit.com/r/NintendoSwitch2/comments/1li52l8/nintendo_switch_2_lite/,0,1750644853.0,43,"Do we think Nintendo will create a Nintendo Switch 2 Lite like how they did with the NS1? Iâ€™m sure if they do it will be a few years away, but the REASON I ask, is because Iâ€™m trying to understand why they WOULD. I know the Lite was really popular in 2020, but that was because the NS1 was sold out due to animal crossing / Covid. My thought process is a lot of people would have just bought the NS1 instead of the lite if they could, and Nintendo could have made more money. Iâ€™m sure price is a factor for a lot of consumers, but I tend to believe that most gamers would want the option of docking and handheld vs handheld only.

I think an OLED is all but certain in a couple years, but of course Nintendo has everything to gain by that with a higher price point.",think nintendo create nintendo switch lite like ns im sure year away reason ask im try understand would know lite really popular n sell due animal cross covid think process lot people would buy ns instead lite could nintendo could make money im sure price factor lot consumer tend believe gamers would want option dock handheld vs handheld think oled certain couple year course nintendo everything gain high price point,"{'neg': 0.0, 'neu': 0.762, 'pos': 0.238, 'compound': 0.9441}",positive
1li4rom,Confirmed switch 2 works great with elgato game capture neo,https://v.redd.it/b597r3733l8f1,220,1750643905.0,55,"Iâ€™m sure my definition of works great may be different from someone elseâ€™s. I just plugged this into my computer that only has an integrated gpu and didnâ€™t have to change any settings. 

I went off track in this video mostly because my skill is not up as much as it could be, but Iâ€™ll blame the tiny bit of lag just a bit. The lag is not so bad that the game is unplayable. I was in first until almost the finish line. It was noticeable because I was having to hit the trick button just before going off ramps. 

I do have a portable monitor that I could connect when recording gameplay and then playing via  the pass through does not have any lag.

Iâ€™ll have to research how to fix the audio. It sounds a little digital. My computer does have a mic port, so it may be possible to run an aux cable from the switch 2 to the mic port on the computer. Weâ€™ll see. 

Iâ€™m fine with how the video looks now, but Iâ€™m also excited to see what tweaks I can make.",im sure definition work great may different someone elses plug computer integrate gpu didnt change setting go track video mostly skill much could ill blame tiny bit lag bit lag bad game unplayable first almost finish line noticeable hit trick button go ramp portable monitor could connect record gameplay play via pas lag ill research fix audio sound little digital computer mic port may possible run aux cable switch mic port computer well see im fine video look im also excite see tweak make,"{'neg': 0.188, 'neu': 0.662, 'pos': 0.149, 'compound': -0.4767}",negative
1li4qnm,"Haven't been on Nintendo since 1999, Did I did Good ?",https://i.redd.it/cay1btru2l8f1.png,0,1750643809.0,30,,,"{'neg': 0.0, 'neu': 0.0, 'pos': 0.0, 'compound': 0.0}",neutral
1li4lm2,good job Sega,https://i.redd.it/uny97hoh1l8f1.jpeg,2209,1750643351.0,142,,,"{'neg': 0.0, 'neu': 0.0, 'pos': 0.0, 'compound': 0.0}",neutral
1li4eph,Help with HDR on a TCL,https://www.reddit.com/r/NintendoSwitch2/comments/1li4eph/help_with_hdr_on_a_tcl/,1,1750642741.0,16,"Hi,
Question - so I was trying to optimize the hdr on my TCL series 5. But Iâ€™m getting all confused and now the colors are all weird.

So the settings Iâ€™ve found that I can change are:

Under main settings:

-TV INPUTS > HDMI MODE > changed to standard which then prompted my switch to say â€œyour tv is compatible with HDRâ€

- auto low latency mode (I put this to on)

Under the side bar settings whatâ€™s I am on the switch input (and an HDR logo pops up in the corner of the screen when I open the switch input):

- Picture mode > was defaulted to Dark HDR

- Customize Picture > game mode (says on but with a lock next to it

The issue is, when I have this set up, the over all colors look washed out and when I adjust the HDR in the switch settings I canâ€™t get the sun on the right to disappear without the sun on the left to be significantly faded.

Does that make any sense? Anyone able to guide me through this?

",hi question try optimize hdr tcl series im get confused color weird setting ive find change main setting tv input hdmi mode change standard prompt switch tv compatible hdr auto low latency mode put side bar setting whats switch input hdr logo pop corner screen open switch input picture mode default dark hdr customize picture game mode lock next issue set color look wash adjust hdr switch setting cant get sun right disappear without sun leave significantly fade make sense anyone able guide,"{'neg': 0.09, 'neu': 0.862, 'pos': 0.049, 'compound': -0.3923}",negative
1li4612,New super mario bros deluxe switch verse switch 2 verse wii u resolution/performance etc?,https://www.reddit.com/r/NintendoSwitch2/comments/1li4612/new_super_mario_bros_deluxe_switch_verse_switch_2/,0,1750641979.0,15,"So I only ever had this game on the wii u. I never bought the luguis dlc on the wii u verse that the deluxe version came with on switch. The game also got a switch 2 patch. I know on switch game is like 1080p instead of the wii u and it's like 720p. How much better is the game with its switch 2 patch verse switch 1 and verse like wii u? I have not really seen comparison with switch 2 verse switch. Would the game be worth it's like current best buy, target etc price of 50 for its improvemts compared to wii u version and the luguis levels sense I never bought the dlc back in the day?",ever game wii u never buy luguis dlc wii u verse deluxe version come switch game also get switch patch know switch game like p instead wii u like p much well game switch patch verse switch verse like wii u really see comparison switch verse switch would game worth like current best buy target etc price improvemts compare wii u version luguis level sense never buy dlc back day,"{'neg': 0.0, 'neu': 0.755, 'pos': 0.245, 'compound': 0.9451}",positive
1li43ij,"Buzzing, black screen, error code?",https://www.reddit.com/r/NintendoSwitch2/comments/1li43ij/buzzing_black_screen_error_code/,0,1750641761.0,2,"As of last night, after playing it for a while it'll start buzzing (really similar to the sound the Wii would make when it froze) and go black, then display an error code and tell me to press the power button to restart (all the while continuing the buzzing) , but the most recent time it happened the screen was also glitching and going green (I was in docked mode for all of these instances, so thankfully it shouldn't be a problem with the actual screen). I don't know if it's just ""hey take a break the console needs to rest"" or if there's some issue that needs to be repaired, which is why I'm asking here",last night play itll start buzz really similar sound wii would make froze go black display error code tell press power button restart continue buzz recent time happen screen also glitching go green dock mode instance thankfully shouldnt problem actual screen dont know hey take break console need rest there issue need repair im ask,"{'neg': 0.044, 'neu': 0.834, 'pos': 0.122, 'compound': 0.5801}",positive
1li3y13,What to do with my Switch 2 Best Buy coin?,https://www.reddit.com/gallery/1li3y13,3886,1750641284.0,717,Itâ€™s just been sitting on my desk for the last two weeks. Ideas on what to do with it?,sit desk last two week idea,"{'neg': 0.0, 'neu': 1.0, 'pos': 0.0, 'compound': 0.0}",neutral
1li2yl7,Just got back into Nintendo about a year ago. Never played a smash or Mario party game before.,https://i.redd.it/5n9kczihmk8f1.png,171,1750638305.0,39,Any tips for Smash as a complete rookie? Grew up playing street fighter and mortal Kombat in the arcades so I'm not a stranger to traditional fighting games. ,tip smash complete rookie grow play street fighter mortal kombat arcade im strange traditional fighting game,"{'neg': 0.212, 'neu': 0.591, 'pos': 0.197, 'compound': -0.0772}",negative
1li2x5w,The anti-Switch-2 backlash is getting exhausting,https://www.reddit.com/r/NintendoSwitch2/comments/1li2x5w/the_antiswitch2_backlash_is_getting_exhausting/,0,1750638187.0,85,"A couple of preambles:

If you don't like it, that's valid.

If you have legitimate complaints (and even I do), those are valid too.

With those out of the way, it seems like it's so hard to have a positive conversation around this console in non-dedicated spaces (and even here it creeps in).

It's not a Reddit thing, either. Some things I've noticed on YouTube and gaming sites is bordering on insane. If I try and search for Switch 2 I am bombarded with:

* I regret buying this console (from someone who hated on it for months and bought it anyway).
* Switch 2 is already flooding the secondhand market.
* The Pro Controller 2 injured me.
* I bought a PS Vita instead of a Switch 2 and I have never been happier.
* I attached the joy-con and caught my ballsack in the way and now I can't have kids.*

I realize the state of modern clickbait media, and that most people who bought it just shut up and enjoy it. But it's tiresome when I'm just looking for some news and all this shit turns up in the algorithm.

\* That last one is fake and hyperbole, but that's how it feels. The rest are real.",couple preamble dont like thats valid legitimate complaint even valid way seem like hard positive conversation around console non dedicate space even creep reddit thing either thing ive notice youtube game site border insane try search switch bombard regret buying console someone hat month buy anyway switch already flood secondhand market pro controller injure buy p vita instead switch never happy attached joy con catch ballsack way cant kid realize state modern clickbait medium people buy shut enjoy tiresome im look news shit turn algorithm last one fake hyperbole thats feel rest real,"{'neg': 0.231, 'neu': 0.709, 'pos': 0.06, 'compound': -0.9459}",negative
1li2vdl,"GameStopâ€™s Travel Dock, think this will work with grip cases that donâ€™t fit in the original dock?",https://www.reddit.com/gallery/1li2vdl,0,1750638036.0,15,https://www.gamestop.ca/Switch%202/Games/935959/compact-travel-dock-nintendo-switch-2?srsltid=AfmBOoojrous1kh5CYyeZ8TKO8e7AyiP-KThWUMZ3yP29vF6nDN1GFoC,httpswwwgamestopcaswitchgamescompact travel dock nintendo switch srsltidafmbooojrouskhcyyeztkoeayip kthwumzypvfndngfoc,"{'neg': 0.0, 'neu': 1.0, 'pos': 0.0, 'compound': 0.0}",neutral
1li1w5o,This game is broken.,https://v.redd.it/416rti43dk8f1,3789,1750635149.0,305,,,"{'neg': 0.0, 'neu': 0.0, 'pos': 0.0, 'compound': 0.0}",neutral
1li1w8x,Are there are any games youâ€™re waiting to play in anticipation of an eventual upgrade?,https://www.reddit.com/r/NintendoSwitch2/comments/1li1w8x/are_there_are_any_games_youre_waiting_to_play_in/,28,1750635157.0,60,"I picked up Metroid Dread thinking it would be a good game to break in the Switch 2 after Mario Kart World. It plays great, but the first thing I noticed was how rough the game looks compared to others that got Switch 2 upgrades, especially Mario Odyssey and Tears of the Kingdom. Dreadâ€™s rough edges definitely stand out on a 4K display and I imagine an upgrade would solve that entirely, so now Iâ€™m in a bit of a dilemma. I can shrug it off and enjoy the game as is, or I can wait for a possible upgrade in the future, maybe around Prime 4â€™s release. I want to get the most out of it so I might just wait and see, especially given that the game has already been upscaled to 4K via emulation. 

Anybody else putting a game aside for now in anticipation of an upgrade? ",pick metroid dread thinking would good game break switch mario kart world play great first thing notice rough game look compare others get switch upgrade especially mario odyssey tear kingdom dread rough edge definitely stand k display imagine upgrade would solve entirely im bit dilemma shrug enjoy game wait possible upgrade future maybe around prime release want get might wait see especially give game already upscaled k via emulation anybody else put game aside anticipation upgrade,"{'neg': 0.088, 'neu': 0.694, 'pos': 0.218, 'compound': 0.8701}",positive
1li1iyz,Latest How-To fix HDR by the OG HDTVTest,https://www.reddit.com/r/NintendoSwitch2/comments/1li1iyz/latest_howto_fix_hdr_by_the_og_hdtvtest/,222,1750634110.0,54,"For all of you out there using HDR on a TV/monitorâ€¦

A MUST watch video:
https://www.youtube.com/watch?v=_BmkMcaqpX8 

by HDTVTest was uploaded not long ago, covering most of the TV and monitor brands with step-by-step guidance.

Hope it helps a bunch!

Cheers!
",use hdr tvmonitor must watch video httpswwwyoutubecomwatchvbmkmcaqpx hdtvtest upload long ago cover tv monitor brand step step guidance hope help bunch cheer,"{'neg': 0.0, 'neu': 0.681, 'pos': 0.319, 'compound': 0.836}",positive
1li0o69,I found one in the wild!,https://i.redd.it/7zjxb3mv2k8f1.jpeg,619,1750631711.0,134,"It's kind of weird that even SanDisk don't have this one on their website. Or am I missing something? Either way, glad I was able to secure it after it showing sold out all the time. ",kind weird even sandisk dont one website miss something either way glad able secure show sell time,"{'neg': 0.071, 'neu': 0.501, 'pos': 0.428, 'compound': 0.8198}",positive
1li0nso,60fps First-Person games on Switch 2?,https://www.reddit.com/r/NintendoSwitch2/comments/1li0nso/60fps_firstperson_games_on_switch_2/,5,1750631680.0,42,"Hey guys,

I'm a big shooters kind of guy on top of regular first-person games. I was wondering if there are any decent 60fps shooters on the Switch/Switch 2 outside of Fortnite? I recognize that it's a bit early in its life cycle to expect a lot of games out of it at that performance, but coming from having a good PC rig, I just can't go back to 30fps.

Also (kind of irrelevant), are BDSP and Let's Go Eevee/Pikachu the only classic-style Pokemon games on the Switch?

Thanks!",hey guy im big shooter kind guy top regular first person game wonder decent fps shooter switchswitch outside fortnite recognize bit early life cycle expect lot game performance come good pc rig cant go back fps also kind irrelevant bdsp let go eeveepikachu classic style pokemon game switch thanks,"{'neg': 0.025, 'neu': 0.73, 'pos': 0.244, 'compound': 0.9169}",positive
1li0ap5,Hori USB Camera,https://i.redd.it/al0h3fytzj8f1.jpeg,106,1750630687.0,59,"Itâ€™s odd, I feel like I have seen next to nobody talk about this camera (which I recognize is the same as the piranha plant one). Picked it up and tested it out and it is perfect for what I was looking for, I donâ€™t ever really plan to use the camera while docked and mostly will just mean mug my friends while passing them by in Mario Kart. Iâ€™m sure there will be future use of course beyond that too haha, but for now it seemed fun enough. The price tag is hefty at $60, and for the picture quality I would assume that is why most feel it isnâ€™t worth it at 480p. But unless youâ€™re going to be Nintendo FaceTiming your friends all the time, the 480p underchin cam will honestly suffice and after testing it Iâ€™m content enough with the quality. The portability alone is the biggest part, I couldnâ€™t believe how small it actually was out of the box! ",odd feel like see next nobody talk camera recognize piranha plant one pick test perfect look dont ever really plan use camera dock mostly mean mug friend pass mario kart im sure future use course beyond haha seem fun enough price tag hefty picture quality would assume feel isnt worth p unless youre go nintendo facetiming friend time p underchin cam honestly suffice test im content enough quality portability alone big part couldnt believe small actually box,"{'neg': 0.063, 'neu': 0.68, 'pos': 0.257, 'compound': 0.9597}",positive
1li089c,Switch 2 next Direct,https://www.reddit.com/r/NintendoSwitch2/comments/1li089c/switch_2_next_direct/,0,1750630508.0,13,"I heard a rumour that the next Switch 2 direct will be in July.

I hope Lugi's Mansion 4 will be shown and gets released this year.",heard rumour next switch direct july hope lugis mansion show get release year,"{'neg': 0.0, 'neu': 0.805, 'pos': 0.195, 'compound': 0.4404}",positive
1lhzn6f,I tried using a pirated game card on switch 2 and this came up and didnt go away until I removed the game.,https://i.redd.it/97biqn4muj8f1.jpeg,2370,1750628932.0,74,BB never dies,bb never dy,"{'neg': 0.0, 'neu': 1.0, 'pos': 0.0, 'compound': 0.0}",neutral
1lhzmt4,PSA: Best HDR settings for perfect picture quality on your TV if you own a TCL TV,https://www.reddit.com/r/NintendoSwitch2/comments/1lhzmt4/psa_best_hdr_settings_for_perfect_picture_quality/,26,1750628906.0,6,"This took me a while to figure out but once I found the right settings the picture quality is staggeringly beautiful. My TV is a TCL QM8B and I'm on firmware v531. 

Step 1: 

In your Nintendo Switch settings make sure you enable HDR Output for ""Compatible Software Only"" in Display settings. 

â”€â”€â”€â”€â”€â”€â”€â”€

Step 2: 

**THIS IS THE MOST IMPORTANT STEP.** Access Game Bar while your Switch 2 is on by holding the three line button on your remote. Go into Menu in Game Bar and enable HGIG. The reason HGiG is so crucial for HDR is because it gives you the purest image streamed directly from your console to your TV with no artifacts or loss of detail. 

â”€â”€â”€â”€â”€â”€â”€â”€

Step 3: Â 

Go back to Display on your Nintendo Switch 2 and go to ""Adjust HDR"" and click a total of 92 times. Both suns will disappear because TCL displays are much brighter than most TVs by design. 92 clicks is 1000 nits, 102 is 1100 nits, 112 clicks is 1200 nits etc. The next page will set the brightness automatically. You can also adjust this if you want by pressing the y button. 6 clicks from the dimmest is around a Paper White of 200 which is the recommended settings for HDR gaming. My TV is an TCL QM8B with a peak brightness value of 1300 nits so I set my Switch 2 to 122 clicks and 5 clicks for paper white of 200. 

You can verify your TVs current nit value in Cyberpunk 2077 in the settings menu of the game.

Here's HDTVTest's full Switch 2 HDR chart for reference:

https://i.ibb.co/TMvhT5gj/Screenshot-20250623-190558-273.png

â”€â”€â”€â”€â”€â”€â”€â”€

**FOR THOSE WITHOUT HGiG:**

If you don't have HGiG you can still get a decent image by leaving Dynamic Tone Mapping on, in the Switch 2 HDR settings click until the the LEFT SUN is very dark and then two clicks back to brighten it up slightly.

***PSA: NEVER SET DYNAMIC
 TONE MAPPING TO OFF IT'S THE WORST PICTURE QUALITY. IT'S NOT THE SAME AS HGiG.***

This video explains the differences in detail with examples:

https://youtu.be/mAtULIEQvjQ

This video is also very good:

https://youtu.be/VGO38f1EoYE

And this video is essential:

https://youtu.be/_BmkMcaqpX8

Your other option is to turn HDR off completely. 

â”€â”€â”€â”€â”€â”€â”€â”€ 

Conclusion: 

My Switch 2 looks amazing! Breath of the Wild and Mario Kart World now look very sharp and clean on my TV. It took me so long to get it right because I didn't know Game Bar even existed but it was well worth figuring it out. I now have the perfect Switch 2 TV experience.",take figure find right setting picture quality staggeringly beautiful tv tcl qmb im firmware v step nintendo switch setting make sure enable hdr output compatible software display setting step important step access game bar switch hold three line button remote go menu game bar enable hgig reason hgig crucial hdr give pure image stream directly console tv artifact loss detail step go back display nintendo switch go adjust hdr click total time sun disappear tcl display much bright tvs design click nits nit click nit etc next page set brightness automatically also adjust want press button click dimmest around paper white recommend setting hdr game tv tcl qmb peak brightness value nits set switch click click paper white verify tv current nit value cyberpunk setting menu game here hdtvtests full switch hdr chart reference httpsiibbcotmvhtgjscreenshot png without hgig dont hgig still get decent image leave dynamic tone mapping switch hdr setting click leave sun dark two click back brighten slightly psa never set dynamic tone mapping bad picture quality hgig video explain difference detail example httpsyoutubematulieqvjq video also good httpsyoutubevgofeoye video essential httpsyoutubebmkmcaqpx option turn hdr completely conclusion switch look amazing breath wild mario kart world look sharp clean tv take long get right didnt know game bar even exist well worth figure perfect switch tv experience,"{'neg': 0.04, 'neu': 0.762, 'pos': 0.198, 'compound': 0.9889}",positive
1lhzlyj,Update to my Pro Controller 2 connection issuesâ€¦ Be warned Genki usersâ€¦,https://www.reddit.com/r/NintendoSwitch2/comments/1lhzlyj/update_to_my_pro_controller_2_connection_issues/,11,1750628844.0,6,"I asked folks a couple days ago if anyone was having connection issues with the new Pro Controller. I moved the Switch 2, moved my WiFi, etc and even replaced the controller to no avail.

Found the issueâ€¦Iâ€™m using the Genki Attack Vector grip case and I can only think itâ€™s the MagSafe connector on the back thatâ€™s disrupting the signal. Iâ€™ve done a slew of tests now playing with it on and off and itâ€™s super consistent: On gets controller disconnects within 3-5 mins and they keep repeating. Off has no issue at all for extended periods. Sucks. Anyone else put this together?",ask folk couple day ago anyone connection issue new pro controller move switch move wifi etc even replace controller avail find issueim use genki attack vector grip case think magsafe connector back thats disrupt signal ive do slew test play super consistent get controller disconnect within min keep repeat issue extend period suck anyone else put together,"{'neg': 0.091, 'neu': 0.788, 'pos': 0.121, 'compound': 0.25}",positive
1lhyqzq,Looking for new friends 18+ to game with on Switch 2,https://www.reddit.com/r/NintendoSwitch2/comments/1lhyqzq/looking_for_new_friends_18_to_game_with_on_switch/,2,1750626599.0,12,"I don't have any friends living nearby since I left university (I'm 23, male, living in England), and I've just got myself a Switch 2 to keep me busy in my spare time. Unfortunately, not got anyone to hang with online. Would be cool to meet some people.

My friend code is SW-1153-7853-1909


Thanks ðŸ˜ƒ",dont friend live nearby since leave university im male live england ive get switch keep busy spare time unfortunately get anyone hang online would cool meet people friend code sw thanks,"{'neg': 0.227, 'neu': 0.64, 'pos': 0.133, 'compound': -0.3931}",negative
1lhxqju,Bottom of my screen flickering when docked?,https://v.redd.it/44bj91amfj8f1,1,1750623997.0,49,"I've had my Switch 2 since launch, but last night the bottom of the screen started flickering when docked.

I tried the cable, changing my TV settings to disable VRR, changing my Switch settings (manually setting RGB levels, disabling syncing with TV state, etc), but nothing works.

I've tried Googling this to see if anyone else has the issue, but I can't find much at all outside of things suggesting what I already tried.

Anyone else experiencing this and, if so, have any suggestions?",ive switch since launch last night bottom screen start flicker dock tried cable change tv setting disable vrr change switch setting manually set rgb level disable sync tv state etc nothing work ive tried google see anyone else issue cant find much outside thing suggest already try anyone else experience suggestion,"{'neg': 0.0, 'neu': 1.0, 'pos': 0.0, 'compound': 0.0}",neutral
1lhxacr,Battery level,https://www.reddit.com/r/NintendoSwitch2/comments/1lhxacr/battery_level/,0,1750622866.0,15,I have mine set to the 90% but most of the time it stops charging in the low 80%. Is this normal?  Every once in awhile it will charge to 87%. ,mine set time stop charge low normal every awhile charge,"{'neg': 0.35, 'neu': 0.65, 'pos': 0.0, 'compound': -0.5106}",negative
1lhwqw3,Rumor Suggests PlayStation Exclusive May Be Heading to Nintendo Switch 2 Amid Speculation of July Direct,https://gameinfinitus.com/news/rumor-suggests-playstation-exclusive-may-be-heading-to-nintendo-switch-2-amid-speculation-of-july-direct/,471,1750621497.0,184,,,"{'neg': 0.0, 'neu': 0.0, 'pos': 0.0, 'compound': 0.0}",neutral
1lhwhbu,What is the secret ingredient of Zelda BOTW?,https://www.reddit.com/r/NintendoSwitch2/comments/1lhwhbu/what_is_the_secret_ingredient_of_zelda_botw/,122,1750620790.0,151,"So loving this game so far (no spoilers please), absolutely worth the wait all these year to finally be able to play it on 4k 60 fps

One thing I don't understand is, if you look at it the game is kinda empty in the open world, filled with repetetive activities, filled with same enemies with different skins, ok graphics BUT... with that said, this game is one of the best games I have played!

I have played many games where open world is filled with activities, beautiful graphics, many variations but don't have the same appeal or ""fun"" element in them. Why is BOTW so addictive and fun!?

Edit: Is TOTK going to be even better?",love game far spoiler please absolutely worth wait year finally able play k fps one thing dont understand look game kinda empty open world fill repetetive activity fill enemy different skin ok graphic game one best game play play many game open world fill activity beautiful graphic many variation dont appeal fun element botw addictive fun edit totk go even well,"{'neg': 0.123, 'neu': 0.543, 'pos': 0.334, 'compound': 0.9508}",positive
1lhwfr7,Excited to Play!,https://i.redd.it/u99pwyo26j8f1.jpeg,867,1750620680.0,65,"just got totk and mkw since i want the physical version, which other games would u guys recommend?",get totk mkw since want physical version game would u guy recommend,"{'neg': 0.0, 'neu': 0.703, 'pos': 0.297, 'compound': 0.4215}",positive
1lhwdvv,Bundle in stock at GameStop right now,https://www.gamestop.com/consoles-hardware/nintendo-switch-2/products/nintendo-switch-2-with-mario-kart-world-ultimate-race-bundle/B424542A.html,83,1750620549.0,61,,,"{'neg': 0.0, 'neu': 0.0, 'pos': 0.0, 'compound': 0.0}",neutral
1lhw5ua,Two Weeks In and...,https://www.reddit.com/r/NintendoSwitch2/comments/1lhw5ua/two_weeks_in_and/,9,1750619974.0,11,"Loving it so far! Definitely need more first party Nintendo games. Mario Kart World is fun, but I tire of it after a while. Playing a ton of Cyberpunk 2077 and think it performs very well on the Switch 2. Also impressed by how Street Fighter 6 performs as well. Went back to some Switch 1 games (Echoes of Wisdom, Arkham Knight) and I'm impressed by how much better they perform. Overall, I'm happy with the upgrade. It just needs some more exclusives to really hit its stride (Donkey Kong Bananza looks awesome). ",love far definitely need first party nintendo game mario kart world fun tire play ton cyberpunk think performs well switch also impressed street fighter performs well go back switch game echo wisdom arkham knight im impress much well perform overall im happy upgrade need exclusives really hit stride donkey kong bananza look awesome,"{'neg': 0.0, 'neu': 0.491, 'pos': 0.509, 'compound': 0.9894}",positive
1lhvu23,How do i connect my Joy Con 2s to a Phone/PC,https://www.reddit.com/r/NintendoSwitch2/comments/1lhvu23/how_do_i_connect_my_joy_con_2s_to_a_phonepc/,0,1750619167.0,14,Tried syncing multiple times but it just didn't appear.,tried sync multiple time didnt appear,"{'neg': 0.0, 'neu': 1.0, 'pos': 0.0, 'compound': 0.0}",neutral
1lhv4co,Haven't Had Such FUN in a long time!,https://v.redd.it/2u6tykdwvi8f1,116,1750617396.0,10,"Got my Switch 2 four days ago, it's been bringing me so much joy and enjoyment! Been playing Mario Kart World, Zelda BOTW Switch 2 Edition and Cyberpunk 2077 in mouse-mode. I have an Ally X as well, both devices have their pros and cons -- they're both great. I feel we're in the golden age of handheld gaming. <3 ",get switch four day ago bring much joy enjoyment play mario kart world zelda botw switch edition cyberpunk mouse mode ally x well device pros con theyre great feel golden age handheld game,"{'neg': 0.0, 'neu': 0.628, 'pos': 0.372, 'compound': 0.9432}",positive
1lhuwpt,4k tv recs under $600?,https://www.reddit.com/r/NintendoSwitch2/comments/1lhuwpt/4k_tv_recs_under_600/,0,1750616871.0,26,"Iâ€™m not looking for anything too fancy as this would just be a gaming tv and not much else. Currently looking at the TCL QM7 55â€, if not this tv then which would be the best option for 4k60 HDR content?",im look anything fancy would game tv much else currently look tcl qm tv would best option k hdr content,"{'neg': 0.0, 'neu': 0.811, 'pos': 0.189, 'compound': 0.6369}",positive
1lhtyn9,Does anyone know of ergonomic covers for just the joycons?,https://www.reddit.com/r/NintendoSwitch2/comments/1lhtyn9/does_anyone_know_of_ergonomic_covers_for_just_the/,0,1750614561.0,1,"Iâ€™m looking for something to make the joycons better to hold. I donâ€™t want a case for the whole system, just a cover for the joycons so they can still detach and dock. Anyone know of anything?",im look something make joycons well hold dont want case whole system cover joycons still detach dock anyone know anything,"{'neg': 0.057, 'neu': 0.844, 'pos': 0.098, 'compound': 0.2211}",positive
1lhtmeg,Switch 2 order discussion,https://www.reddit.com/r/NintendoSwitch2/comments/1lhtmeg/switch_2_order_discussion/,0,1750613707.0,41,"I had to order a Switch 2 on eBay (yes, I know I'm part of the problem now). No store ever had them in stock, and birthdays are coming up, too.  I ordered it on Friday, and it was supposed to ship the same day via UPS. It's Sunday now, and I still hasn't shipped, so it may not ship until Monday. Now, the reviews on the item worry me. One was about a birthday party, but all of the reviews were posted in the past month. The Switch didn't come out the past month, though; it came out on the 5th of this month. The seller I bought it from has 100% positive feedback and has sold 31 items so far. My family called me dumb for paying over $700 for the systems, and they think I won't actually receive the items.  Anyone here have similar experiences?",order switch ebay yes know im part problem store ever stock birthday come order friday suppose ship day via ups sunday still hasnt ship may ship monday review item worry one birthday party review post past month switch didnt come past month though come th month seller buy positive feedback sell item far family call dumb pay system think wont actually receive item anyone similar experience,"{'neg': 0.132, 'neu': 0.754, 'pos': 0.115, 'compound': -0.0772}",negative
1lhszs5,Why is everyone forgetting Metroid Prime4,https://i.redd.it/wz5overqgi8f1.jpeg,1696,1750612161.0,278,,,"{'neg': 0.0, 'neu': 0.0, 'pos': 0.0, 'compound': 0.0}",neutral
1lhsk28,"A little bit lucky, but I take it",https://v.redd.it/q0wino2jdi8f1,372,1750611081.0,25,"First time I tried the shortcut, and it Â«Â workedÂ Â» even if it wasnâ€™t perfect. I was so afraid when I saw every Piranha, and I donâ€™t know why the first go outside, but I guess a win is a win lmao ",first time try shortcut work even wasnt perfect afraid saw every piranha dont know first go outside guess win win lmao,"{'neg': 0.095, 'neu': 0.54, 'pos': 0.365, 'compound': 0.8591}",positive
1lhshd7,Wow MKW online sure is fun,https://v.redd.it/z77ij60yci8f1,42,1750610890.0,57,,,"{'neg': 0.0, 'neu': 0.0, 'pos': 0.0, 'compound': 0.0}",neutral
1lhsfmm,Why doesn't Switch 2 just upscale every game ?,https://www.reddit.com/r/NintendoSwitch2/comments/1lhsfmm/why_doesnt_switch_2_just_upscale_every_game/,0,1750610767.0,22,"Why can emulators do it but not the switch 2 ?  

Is there a technical issue or is this just Nintendo not wanting to do it automatically to avoid upscale/ performance problem ms and prefering to do it manually ? ",emulator switch technical issue nintendo want automatically avoid upscale performance problem prefering manually,"{'neg': 0.302, 'neu': 0.617, 'pos': 0.08, 'compound': -0.5574}",negative
1lhrsn0,LuxSkins: Are they legit?,https://www.reddit.com/r/NintendoSwitch2/comments/1lhrsn0/luxskins_are_they_legit/,0,1750609130.0,4,"I've seen a lot of really cool switch 2 skin designs on Lux Skins (especially zelda ones), however I am not sure if they are legit and if their products are reliable. Anyone have any experience with them?

I appreciate the help. Hopefully more and more companies release more switch 2 customizable stuff soon.",ive see lot really cool switch skin design lux skin especially zelda one however sure legit product reliable anyone experience appreciate help hopefully company release switch customizable stuff soon,"{'neg': 0.0, 'neu': 0.649, 'pos': 0.351, 'compound': 0.8999}",positive
1lhrlo8,"With both JoyCon 2 in mouse mode, can we finally have independent dual wielding guns done properly now?",https://www.reddit.com/r/NintendoSwitch2/comments/1lhrlo8/with_both_joycon_2_in_mouse_mode_can_we_finally/,0,1750608649.0,12,"In traditional 1st/3rd person shooters, dual wielding guns are almost always featuring both guns locked onto just one target. But with both JoyCon 2 acting as mice we could finally have a game where you can independenly control both guns and aim them them at different targets if necessary. Anyway, just a thought.",traditional strd person shooter dual wielding gun almost always feature gun lock onto one target joycon act mouse could finally game independenly control gun aim different target necessary anyway think,"{'neg': 0.211, 'neu': 0.789, 'pos': 0.0, 'compound': -0.7351}",negative
1lhr1xt,Why would beatemups lie?,https://www.reddit.com/r/NintendoSwitch2/comments/1lhr1xt/why_would_beatemups_lie/,0,1750607269.0,40," (For those who don't know, Beatemups recently claimed their will be a July Direct during the Nontendo podcast) 

I can't think of any logical reason a guy with nearly 2 million subscribers who has never ever attempted to be the source of a nintendo direct rumor until just now would make something like that up purely for clout. 

He has clout lol. There's no reason for him to put this out here when it could potentially make him look bad, there's also no reason to go into what games will actually feature if its purely for clout. 

If there's a random youtuber with no leak history who's word I'd trust, its his.

Or Scott the woz",dont know beatemups recently claim july direct nontendo podcast cant think logical reason guy nearly million subscriber never ever attempt source nintendo direct rumor would make something like purely clout clout lol there reason put could potentially make look bad there also reason go game actually feature purely clout there random youtuber leak history who word id trust scott woz,"{'neg': 0.085, 'neu': 0.788, 'pos': 0.127, 'compound': 0.4522}",positive
1lhqweg,Mumba Grip Case Alternatives,https://www.reddit.com/r/NintendoSwitch2/comments/1lhqweg/mumba_grip_case_alternatives/,0,1750606882.0,3,"https://preview.redd.it/spjspi611i8f1.png?width=2000&format=png&auto=webp&s=1ce2527199592f48f522e5419c4e5135f66b192b

I have the Mumba Blade series grip and I love it, it's super comfy. My one problem is the only carrying case they offer for it is quite tall with extra room for controllers or other accessories, which I don't really need. Anyone know of a case that's slimmer but will still fit the grip?  
",httpspreviewredditspjspiifpngwidthformatpngautowebpsceffecefbb mumba blade series grip love super comfy one problem carry case offer quite tall extra room controller accessory dont really need anyone know case thats slimmer still fit grip,"{'neg': 0.069, 'neu': 0.662, 'pos': 0.27, 'compound': 0.836}",positive
1lhqfyt,Mouse Mode is a game changer,https://v.redd.it/xaavc88kxh8f1,742,1750605711.0,281,I'm aware that the gun is ridiculously powerful but I've played this scene on PS and never like this,im aware gun ridiculously powerful ive play scene ps never like,"{'neg': 0.382, 'neu': 0.331, 'pos': 0.287, 'compound': -0.1803}",negative
1lhq5qs,"Damm, that's crazy (credits to user ""publicat"" on NeoGAF for the image)",https://i.redd.it/d3sye6wtuh8f1.png,0,1750604985.0,27,"The Nintendo direct on DK Bananza had more view than the Xbox showcase and had as many views as the Playstation State of Play after only 1 day. Mind you, this is a direct about a single game that wasn't even hyped that much while the others were presentations with a lot of announcements from different developers. I think Nintendo won the console wars.",nintendo direct dk bananza view xbox showcase many view playstation state play day mind direct single game wasnt even hype much others presentation lot announcement different developer think nintendo console war,"{'neg': 0.11, 'neu': 0.822, 'pos': 0.068, 'compound': -0.3612}",negative
1lhpx0w,Not even Mario Wonder,https://i.redd.it/r72ghlklth8f1.jpeg,0,1750604377.0,72,,,"{'neg': 0.0, 'neu': 0.0, 'pos': 0.0, 'compound': 0.0}",neutral
1lhojdl,Did S2 rescue Splatoon 3?,https://www.reddit.com/r/NintendoSwitch2/comments/1lhojdl/did_s2_rescue_splatoon_3/,0,1750600719.0,17,"Bought Splatoon 3 on day 1 after playing an insane amount of Splatoon 2. It was a terrible experience for me for three reasons:
1. Networking was buggy
2. Performance was bad
3. Controller (shortly after buying) got mild drift

And here I am now playing v10 and â€” combined with a new set of controllers â€” itâ€™s just delightful.

Anyone else feel the same?",bought splatoon day play insane amount splatoon terrible experience three reason network buggy performance bad controller shortly buy get mild drift play v combine new set controller delightful anyone else feel,"{'neg': 0.222, 'neu': 0.573, 'pos': 0.205, 'compound': -0.1779}",negative
1lhn7ek,If you're in the New York Metro Area,https://www.reddit.com/r/NintendoSwitch2/comments/1lhn7ek/if_youre_in_the_new_york_metro_area/,0,1750596880.0,29,"I strongly recommend going to the Nintendo store before they open, following the advice of someone else here I was able to get a Warp Pass by going in person ",strongly recommend go nintendo store open follow advice someone else able get warp pas go person,"{'neg': 0.0, 'neu': 0.753, 'pos': 0.247, 'compound': 0.5574}",positive
1lhn0sn,Bought donkey kong bananza with amiibo for only â‚¬70 !,https://i.redd.it/1tq6wpyk5h8f1.jpeg,0,1750596300.0,21,,,"{'neg': 0.0, 'neu': 0.0, 'pos': 0.0, 'compound': 0.0}",neutral
